Model,Accuracy,F1-score
Decision Tree,0.9534883720930233,0.9375
AdaBoost,0.9395348837209302,0.9197530864197531
Random Forest,0.9372093023255814,0.912621359223301
Logistic Regression,0.8162790697674419,0.7443365695792881
Support Vector Machine,0.8116279069767441,0.7412140575079872
K-Nearest Neighbors,0.7534883720930232,0.6131386861313869
